<assembly>
        <id>src</id>
	<formats>
		<format>zip</format>
	</formats>
	<includeBaseDirectory>false</includeBaseDirectory>
	<fileSets>
		<fileSet>
			<directory>${project.basedir}</directory>
			<outputDirectory>f2c-ops-${project.version}</outputDirectory>
			<useDefaultExcludes>true</useDefaultExcludes>
			<excludes>
				<exclude>**/*.log</exclude>
				<exclude>**/*.pyc</exclude>
				<exclude>**/${project.build.directory}/**</exclude>
				<exclude>management.txt</exclude>
				<exclude>redeploy*.sh</exclude>
				<exclude>install-aliyun-enterprise.sh</exclude>
				<exclude>README.md</exclude>
				<exclude>pom.xml</exclude>
				<exclude>assemble.xml</exclude>
                <exclude>conf/installQingcloudAgent.sh</exclude>
                <exclude>conf/installAzureAgent.sh</exclude>
                <exclude>conf/installExpect.sh</exclude>
                <exclude>install-all-aliyun.sh</exclude>
			</excludes>
		</fileSet>
	</fileSets>
</assembly>
